keyword,root_keyword,platform,search_count
java programming,programming,udemy,1495576
c programming,programming,udemy,1097569
programming,programming,udemy,910142
python programming,programming,udemy,886784
r programming,programming,udemy,486626
c++ programming,programming,udemy,418020
blockchain programming,programming,udemy,278036
object oriented programming,programming,udemy,261250
Automate the Boring Stuff with Python Programming,programming,udemy,211705
programming for beginners,programming,udemy,209598
c programming for beginners,programming,udemy,177804
competitive programming,programming,udemy,146104
functional programming,programming,udemy,138012
scala programming,programming,udemy,136026
sas programming,programming,udemy,135189
arduino programming,programming,udemy,125087
c programming language,programming,udemy,121095
swift programming,programming,udemy,97043
dynamic programming,programming,udemy,96153
artificial intelligence programming,programming,udemy,85844
vba programming,programming,udemy,79745
matlab programming,programming,udemy,79077
r programming language,programming,udemy,65206
introduction to python programming,programming,udemy,62799
java programming for beginners,programming,udemy,60852
excel vba programming,programming,udemy,59748
java programming masterclass for software developers,programming,udemy,58393
plc programming from scratch,programming,udemy,57591
programming for kids,programming,udemy,55969
game programming,programming,udemy,54012
visual basic programming,programming,udemy,50291
neuro linguistic programming,programming,udemy,50166
network programming,programming,udemy,48569
python object oriented programming,programming,udemy,48506
ruby programming,programming,udemy,47944
rust programming,programming,udemy,47184
go programming,programming,udemy,46761
reactive programming,programming,udemy,46264
android programming,programming,udemy,45934
introduction to programming,programming,udemy,45110
Golang - Learn Google's Go Programming Language,programming,udemy,43445
robotics programming,programming,udemy,40152
julia programming,programming,udemy,39314
java object oriented programming,programming,udemy,36420
python network programming,programming,udemy,35034
drone programming,programming,udemy,34528
web programming,programming,udemy,32337
Learn python programming masterclass,programming,udemy,32132
python programming for beginners,programming,udemy,32090
embedded c programming,programming,udemy,31174
dart programming,programming,udemy,30893
learn html5 programming from scratch,programming,udemy,29709
Microcontrollers and the C Programming Language,programming,udemy,28029
object oriented programming c++,programming,udemy,24601
sap abap programming for beginners online training,programming,udemy,24451
iot programming,programming,udemy,23367
object oriented programming java,programming,udemy,20934
fundamentals of programming,programming,udemy,19768
rust programming language,programming,udemy,19130
scratch programming for kids,programming,udemy,17936
mql4 programming,programming,udemy,17834
linux kernel programming,programming,udemy,17722
gaming programming,programming,udemy,17651
delphi programming,programming,udemy,17353
ruby programming for beginners,programming,udemy,17158
cnc programming with g code for beginners,programming,udemy,15992
ios programming,programming,udemy,15682
c++ game programming,programming,udemy,15059
xml programming,programming,udemy,14433
python gui programming,programming,udemy,14117
excel programming,programming,udemy,13790
go programming language,programming,udemy,13329
embedded systems programming,programming,udemy,13327
python programming for kids,programming,udemy,13143
linux kernel driver programming with embedded devices,programming,udemy,13097
python programming for network engineers,programming,udemy,12888
elixir programming language,programming,udemy,12861
kids programming,programming,udemy,12791
programming interview,programming,udemy,12033
java network programming,programming,udemy,11781
vb.net programming,programming,udemy,10581
java programming masterclass,programming,udemy,10321
unity programming,programming,udemy,9796
intro to programming,programming,udemy,9686
haskell programming,programming,udemy,9220
windows programming,programming,udemy,9083
R Programming A-Zâ„¢: R For Data Science With Real Exercises!,programming,udemy,9032
python web programming,programming,udemy,9015
vhdl programming,programming,udemy,8923
Python GUI Programming using Tkinter and Python,programming,udemy,8849
mac os x programming,programming,udemy,8566
kernel programming,programming,udemy,7225
hmi programming,programming,udemy,6489
Learn How To Code: Google's Go (golang) Programming Language,programming,udemy,6390
excel vba programming - the complete guide,programming,udemy,5510
neuro-linguistic programming,programming,udemy,5441
programming java for beginners - the ultimate java tutorial,programming,udemy,5415
video game programming,programming,udemy,5312
the ultimate python programming tutorial,programming,udemy,5206
programming for kids - how to make coding fun,programming,udemy,5184
Allen Bradley Panelview Plus HMI Programming Training Course,programming,udemy,5163
python network programming for network engineers (python 3),programming,udemy,4668
c programming in hindi,programming,udemy,4079
Java Programming from Zero to Hero,programming,udemy,4076
visual programming,programming,udemy,3613
C++ Programming Step By Step From Beginner To Ultimate Level,programming,udemy,3209
teach your kids to code: learn python programming at any age,programming,udemy,3149
game programming with unity,programming,udemy,3096
unix programming,programming,udemy,3070
interview questions programming,programming,udemy,2918
unix shell programming,programming,udemy,2703
scratch game programming for young adults,programming,udemy,2669
programming interview questions,programming,udemy,2044
extreme programming XP,programming,udemy,1974
x++ programming,programming,udemy,1823
"Python Programming Bible | Networking, GUI, Email, XML, CGI",programming,udemy,1810
learn python gui programming using qt framework,programming,udemy,1665
qt programming,programming,udemy,1398
cracking python interview questions on programming,programming,udemy,1356
Android App Development Easy and Quick Programming,programming,udemy,1287
pre programming everything you need to know before you code,programming,udemy,838
Quantum Computing: Theory to Simulation and Programming,programming,udemy,795
Java Programming: Step by Step from A to Z,programming,udemy,778
C++ programming in Qt FrameWork,programming,udemy,750
REBT - The Science Of Programming Your Mind!,programming,udemy,720
c++ programming from zero to hero,programming,udemy,705
Improve your logical and programming skills by mastering essentials of data structures,programming,udemy,643
Python Programming Bundle - Zero to Hero,programming,udemy,616
linux kernel module and driver programming for x86,programming,udemy,537
200+ Exercises - Programming in Python - from A to Z,programming,udemy,504
python programming a to z,programming,udemy,480
X86 Assembly Language Programming Masters Course,programming,udemy,469
assembly programming x86,programming,udemy,454
test your c programming skills,programming,udemy,447
Deluge on a Luge: Learn Zoho Programming,programming,udemy,430
Learn C as your first programming language,programming,udemy,423
Your last Intro to Programming Course,programming,udemy,250
arduino programming,programming,fiverr,NA
cnc programming,programming,fiverr,NA
cpp programming,programming,fiverr,NA
loyalty program,programming,fiverr,NA
matlab programming,programming,fiverr,NA
programmer,programming,fiverr,NA
programming,programming,fiverr,NA
programming ai,programming,amazon,NA
programming algorithms,programming,amazon,NA
programming and logic design,programming,amazon,NA
programming and metaprogramming in the human biocomputer,programming,amazon,NA
programming and research by botti-salitsky,programming,amazon,NA
programming architecture,programming,amazon,NA
programming arduino,programming,amazon,NA
programming arduino getting started with sketches,programming,amazon,NA
programming art,programming,etsy,NA
programming asp.net core,programming,amazon,NA
programming aws lambda,programming,amazon,NA
programming baby,programming,etsy,NA
programming ball,programming,amazon,NA
programming bash,programming,amazon,NA
programming basics,programming,amazon,NA
programming birthday card,programming,etsy,NA
programming bitcoin,programming,amazon,NA
programming blockchain,programming,amazon,NA
programming board,programming,etsy,NA
programming board game,programming,amazon,NA
programming bookmark,programming,etsy,NA
programming books,programming,amazon,NA
programming books for beginners,programming,amazon,NA
programming books for kids,programming,amazon,NA
programming books python,programming,amazon,NA
programming c,programming,fiverr,NA
programming c,programming,amazon,NA
programming c#,programming,amazon,NA
programming cable for baofeng radio,programming,amazon,NA
programming canvas,programming,etsy,NA
programming card,programming,etsy,NA
programming caterpillar,programming,amazon,NA
programming chair,programming,amazon,NA
programming challenges,programming,amazon,NA
programming clojure,programming,amazon,NA
programming coaster,programming,etsy,NA
programming coffee mug,programming,amazon,NA
programming coffee mug,programming,etsy,NA
programming collective intelligence,programming,amazon,NA
programming computer,programming,amazon,NA
programming dart,programming,amazon,NA
programming decal,programming,etsy,NA
programming decals,programming,amazon,NA
programming decor,programming,amazon,NA
programming decorations,programming,amazon,NA
programming design patterns,programming,amazon,NA
programming desk,programming,amazon,NA
programming device,programming,amazon,NA
programming dictionary,programming,amazon,NA
programming distributed computing systems,programming,amazon,NA
programming duck,programming,amazon,NA
programming earrings,programming,etsy,NA
programming easy steps,programming,amazon,NA
programming ecto,programming,amazon,NA
programming elixir,programming,amazon,NA
programming elixir 1.6,programming,amazon,NA
programming elm,programming,amazon,NA
programming embedded systems,programming,amazon,NA
programming embedded systems with c and gnu development tools,programming,amazon,NA
programming erlang,programming,amazon,NA
programming excel with vba a practical real-world guide,programming,amazon,NA
programming exercises,programming,amazon,NA
programming fabric,programming,etsy,NA
programming face mask,programming,etsy,NA
programming for babies,programming,amazon,NA
programming for beginners,programming,amazon,NA
programming for dummies,programming,amazon,NA
programming for dummies 2020,programming,amazon,NA
programming for kids,programming,amazon,NA
programming for kids 3-5,programming,amazon,NA
programming for kids 8-12,programming,amazon,NA
programming from the ground up,programming,amazon,NA
programming fundamentals,programming,amazon,NA
programming fundamentals in javascript,programming,amazon,NA
programming game ai,programming,amazon,NA
programming game ai by example,programming,amazon,NA
programming games,programming,amazon,NA
programming games for kids,programming,amazon,NA
programming gifts,programming,amazon,NA
programming gifts,programming,etsy,NA
programming gifts for boys,programming,amazon,NA
programming gifts for men,programming,amazon,NA
programming girl,programming,etsy,NA
programming glasses,programming,amazon,NA
programming gloves,programming,amazon,NA
programming go,programming,amazon,NA
programming handbook,programming,amazon,NA
programming haskell,programming,amazon,NA
programming haskell from first principles,programming,amazon,NA
programming hat,programming,amazon,NA
programming hat,programming,etsy,NA
programming history,programming,amazon,NA
programming hive,programming,amazon,NA
programming hoodie,programming,amazon,NA
programming hoodie,programming,etsy,NA
programming hoodies,programming,amazon,NA
programming html,programming,amazon,NA
programming humor,programming,amazon,NA
programming in c,programming,amazon,NA
programming in haskell,programming,amazon,NA
programming in java,programming,amazon,NA
programming in lua,programming,amazon,NA
programming in python,programming,amazon,NA
programming in r,programming,amazon,NA
programming in scala,programming,amazon,NA
programming interview,programming,amazon,NA
programming interview exposed,programming,amazon,NA
programming interviews exposed secrets to landing your next job,programming,amazon,NA
programming jackets,programming,amazon,NA
programming java,programming,fiverr,NA
programming java,programming,amazon,NA
programming java book,programming,amazon,NA
programming java for dummies,programming,amazon,NA
programming javascript,programming,amazon,NA
programming javascript applications,programming,amazon,NA
programming jobs,programming,amazon,NA
programming jokes,programming,amazon,NA
programming journal,programming,amazon,NA
programming julia,programming,amazon,NA
programming key,programming,amazon,NA
programming keyboard,programming,amazon,NA
programming keychain,programming,etsy,NA
programming kids,programming,amazon,NA
programming kids toys,programming,amazon,NA
programming kit,programming,amazon,NA
programming kit for adults,programming,amazon,NA
programming kit for kids,programming,amazon,NA
programming kit for kids 8-12,programming,amazon,NA
programming kits,programming,etsy,NA
programming kotlin,programming,amazon,NA
programming kubernetes,programming,amazon,NA
programming language concepts,programming,amazon,NA
programming language pragmatics,programming,amazon,NA
programming languages,programming,amazon,NA
programming languages application and interpretation,programming,amazon,NA
programming laptop,programming,amazon,NA
programming laptops 2020,programming,amazon,NA
programming logic,programming,amazon,NA
programming logic and design,programming,amazon,NA
programming logic and design 5th edition,programming,amazon,NA
programming logic and design 9th edition,programming,amazon,NA
programming machine learning,programming,amazon,NA
programming mask,programming,etsy,NA
programming massively parallel processors,programming,amazon,NA
programming math,programming,amazon,NA
programming mechanical keyboard,programming,amazon,NA
programming minecraft,programming,amazon,NA
programming monitor,programming,amazon,NA
programming monitor vertical,programming,amazon,NA
programming mouse,programming,amazon,NA
programming mouse pad,programming,amazon,NA
programming mug,programming,amazon,NA
programming mug,programming,etsy,NA
programming neon,programming,amazon,NA
programming nes,programming,amazon,NA
programming nes games,programming,amazon,NA
programming networks,programming,amazon,NA
programming notebook,programming,amazon,NA
programming notepad,programming,amazon,NA
programming numeric keypad,programming,amazon,NA
programming office chair,programming,amazon,NA
programming on purpose,programming,amazon,NA
programming onesie,programming,amazon,NA
programming onesie baby,programming,amazon,NA
programming optimization,programming,amazon,NA
programming oreilly,programming,amazon,NA
programming ornament,programming,amazon,NA
programming outfit,programming,amazon,NA
programming patch,programming,etsy,NA
programming patterns,programming,amazon,NA
programming pearls,programming,amazon,NA
programming perl,programming,amazon,NA
programming phoenix,programming,amazon,NA
programming php,programming,amazon,NA
programming pin,programming,etsy,NA
programming poster,programming,amazon,NA
programming poster,programming,etsy,NA
programming principles and practice using c,programming,amazon,NA
programming print,programming,etsy,NA
programming projects,programming,amazon,NA
programming python,programming,amazon,NA
programming python mark lutz,programming,amazon,NA
programming quantum computers,programming,amazon,NA
programming quantum computers essential algorithms and code samples,programming,amazon,NA
programming questions,programming,amazon,NA
programming quick study,programming,amazon,NA
programming r,programming,amazon,NA
programming raspberry pi,programming,amazon,NA
programming raspberry pi 4,programming,amazon,NA
programming robot,programming,amazon,NA
programming robotics kit,programming,amazon,NA
programming robots for kids,programming,amazon,NA
programming robots for kids 8-12,programming,amazon,NA
programming robots with ros,programming,amazon,NA
programming ruby,programming,amazon,NA
programming rust,programming,amazon,NA
programming scala,programming,amazon,NA
programming shirt,programming,amazon,NA
programming shirt,programming,etsy,NA
programming shirts for men,programming,amazon,NA
programming skills for data science,programming,amazon,NA
programming socks,programming,amazon,NA
programming socks,programming,etsy,NA
programming socks extra long,programming,amazon,NA
programming socks men,programming,amazon,NA
programming software,programming,amazon,NA
programming stickers,programming,amazon,NA
programming stickers,programming,etsy,NA
programming stickers for laptop,programming,amazon,NA
programming svg,programming,etsy,NA
programming t shirt,programming,etsy,NA
programming tees,programming,etsy,NA
programming the 6502,programming,amazon,NA
programming the universe,programming,amazon,NA
programming toys,programming,amazon,NA
programming toys for 3-4,programming,amazon,NA
programming toys for 7 year old,programming,amazon,NA
programming toys for kids,programming,amazon,NA
programming toys for kids 8-10,programming,amazon,NA
programming tshirt,programming,amazon,NA
programming tshirt,programming,etsy,NA
programming tshirts for men,programming,amazon,NA
programming typescript,programming,amazon,NA
programming underwear,programming,amazon,NA
programming unity,programming,amazon,NA
programming velcro patch,programming,amazon,NA
programming video,programming,amazon,NA
programming video games,programming,amazon,NA
programming visual basic,programming,amazon,NA
programming visual c++,programming,amazon,NA
programming voice interfaces,programming,amazon,NA
programming wall art,programming,etsy,NA
programming webassembly with rust,programming,amazon,NA
programming windows,programming,amazon,NA
programming with 64-bit arm assembly language,programming,amazon,NA
programming with java,programming,amazon,NA
programming with micropython,programming,amazon,NA
programming with microsoft visual basic 2017,programming,amazon,NA
programming with posix threads,programming,amazon,NA
programming with python,programming,amazon,NA
programming with python for social scientists,programming,amazon,NA
programming with types,programming,amazon,NA
programming your fitness,programming,amazon,NA
programming your subconscious mind,programming,amazon,NA
programming your water,programming,amazon,NA
programming zemi,programming,amazon,NA
python programming,programming,fiverr,NA
r programming,programming,fiverr,NA
socket programming,programming,fiverr,NA
web programming,programming,fiverr,NA
